crop,farm,capped,bankrupt,harvested,planted,money,coins,deer,crows,lightning,dried,rotted,real_seconds
Radish,3993,True,False,2254,2272,21278880,1063944,2,1,0,0,0,116
Carrot,3995,True,False,2202,2221,39864888,1049076,7,5,0,0,0,116
Green Beans,3993,True,False,3523,255,48906648,1634472,142,62,1,0,2,116
Tomato,3993,True,False,4373,183,132831720,2147796,78,53,10,0,3,116
Corn,3994,True,False,2107,2174,49719600,994392,5,28,0,0,0,116
Green Pepper,3993,True,False,4418,141,134595972,2172240,76,19,2,0,0,116
Red Pepper,3993,True,False,4086,133,120195684,1944180,19,64,5,0,3,116
Strawberry,3993,True,False,4138,217,75989088,2001384,75,86,6,0,2,116
Blueberry,3995,True,False,4583,172,165839940,2220624,37,75,5,0,5,116
